{
  "Benign": {
    "mean": [
      1.5193949663542836,
      -0.16171882707818794,
      0.6162389444835421,
      -0.23683767888347043,
      -0.17799972119384258,
      -0.473793827368636,
      -0.30006288380671653,
      2.9814623807328946,
      2.5602688838751044,
      0.0007808211831144737,
      -0.0007332665175457811,
      1.5923941195156914,
      -0.44343505568724145,
      -0.13358730624492562,
      -0.27789357686278116,
      3.17311783646122,
      1.1819841696897968,
      0.7960042834078235,
      -0.013576422962671577,
      -0.013539770961157617,
      -0.008911181667172268,
      -0.01356043200075707,
      0.840405042456264,
      -0.3773311001317996,
      1.692891813579076,
      1.3761250884725524,
      -0.5979461762933802,
      0.26691029181178094,
      -1.3761250884725584,
      -1.3761250884725584,
      0.3515826022081702,
      2.151355629592335,
      1.8740331950420894,
      1.7223581828276133,
      0.8877345595980636,
      1.7223581828276133,
      0.09667289522290523,
      -2.0192039334299454,
      0.3148718886719985
    ],
    "median": [
      1.7741110083143554,
      -0.31420513348438595,
      -0.07618703912202673,
      -0.257084651823746,
      -0.20749205129347872,
      -0.47950079221089037,
      -0.30841922843169683,
      3.546844934840672,
      2.9241962698127897,
      -0.005585430731918211,
      -0.004908588344807379,
      0.1980950627615562,
      -0.445867487955029,
      -0.15819843087724736,
      -0.2819838476320558,
      -0.021775655109606957,
      -0.07918115826298638,
      -0.021675459063274276,
      -0.013576422962671197,
      -0.013539770961157436,
      -0.00909788566417233,
      -0.013560432000752014,
      1.0689792761354537,
      -0.5865465142222491,
      -0.017186745851397033,
      -0.028419864343150653,
      -0.5980851201763572,
      -0.0035871724972553155,
      0.02841986434312467,
      0.02841986434312467,
      -0.9690715601796971,
      0.05840018209153884,
      0.5959514096846729,
      0.20783465490903924,
      0.12541536505023476,
      0.20783465490903924,
      0.07448064637386972,
      -3.1876060263773027,
      -0.10928414277286688
    ],
    "count": 20044
  },
  "DDoS": {
    "mean": [
      -0.061292451804960194,
      -0.006473288741674967,
      -0.02977274739298291,
      0.052081940148122986,
      0.07565844242055478,
      -0.04711609331615255,
      -0.03015550206022003,
      -0.03850456664039904,
      -0.04811927240500123,
      -0.004728705873829662,
      -0.0036388439045757057,
      -0.03513351688141225,
      -0.03829928478631624,
      0.05709761084542949,
      -0.013436713686424401,
      -0.021436125400262605,
      -0.04814503378618104,
      -0.015248276719225358,
      -0.008361898355755714,
      -0.008263008577259142,
      -0.007464754461391218,
      -0.008402818389498197,
      -0.0676344199145304,
      0.017237042871767496,
      -0.01497872853083778,
      -0.022291849184668432,
      0.059146457204659435,
      -0.0032803641384877478,
      0.02229184918466784,
      0.02229184918466784,
      -0.015743790626129697,
      -0.03477320265338133,
      -0.07368544963744487,
      -0.048485826283066226,
      -0.05123719661706394,
      -0.048485826283066226,
      -0.00171637452304225,
      0.043554962179859276,
      -0.029025061391729768
    ],
    "median": [
      -0.4430211308589757,
      -0.31420513348438595,
      -0.07618703912202673,
      -0.062406684273478466,
      -0.20749205129347872,
      -0.47950079221089037,
      -0.30841922843169683,
      -0.25510287778812446,
      -0.4312429260716455,
      -0.005585430731918211,
      -0.004908588344807379,
      -0.3448941753794141,
      -0.445867487955029,
      -0.15819843087724736,
      -0.2819838476320558,
      -0.021775655109606957,
      -0.07918115826298638,
      -0.021675459063274276,
      -0.013576422962671197,
      -0.013539770961157436,
      -0.00909788566417233,
      -0.013560432000752014,
      -0.8921115649579324,
      -0.6526043220193577,
      -0.017186745851397033,
      -0.028419864343150653,
      -0.5980851201763572,
      -0.0035871724972553155,
      0.02841986434312467,
      0.02841986434312467,
      -0.01567436856091224,
      -0.060778062623740615,
      -0.22283778419826222,
      -0.1432059838508672,
      -0.1822401488898344,
      -0.1432059838508672,
      -0.0017663384660911094,
      0.314135315162555,
      -0.12030525651424473
    ],
    "count": 2293285
  },
  "DoS": {
    "mean": [
      0.07088113330378416,
      0.0330617998069342,
      0.036662724647049144,
      -0.14976617418604074,
      -0.19134870558137101,
      0.09799630298548144,
      -0.05294795348723347,
      0.021823887489505218,
      -0.023366968908268247,
      -0.00396123677676513,
      -0.0026782597613727106,
      0.0621069477763904,
      0.13766194019318112,
      -0.14296385276736506,
      0.040760880718858826,
      -0.020798288793515834,
      -0.0015700733998384175,
      -0.010464313796873239,
      -0.005924369542067872,
      -0.005816752228971638,
      -0.006659672876721733,
      -0.005895354834945755,
      0.10366067343741417,
      -0.008475682174484663,
      -0.011822660174875568,
      -0.02179456949668377,
      -0.10762075594255324,
      -0.002105546793164094,
      0.021794569496682056,
      0.021794569496682056,
      0.09278374703608813,
      -0.011582165567903435,
      0.11219806382501622,
      0.025804541236613732,
      0.07446527351949982,
      0.025804541236613732,
      0.0007629838703888694,
      0.14271661538215408,
      0.032695848098664194
    ],
    "median": [
      -0.3965890441747174,
      -0.31420513348438595,
      -0.07618703912202673,
      -0.17305470147664825,
      -0.20749205129347872,
      -0.47950079221089037,
      -0.30841922843169683,
      -0.25510287778812446,
      -0.4312429260716455,
      -0.005585430731918211,
      -0.004908588344807379,
      -0.3448941753794141,
      -0.445867487955029,
      -0.15819843087724736,
      -0.2819838476320558,
      -0.021775655109606957,
      -0.07918115826298638,
      -0.021675459063274276,
      -0.013576422962671197,
      -0.013539770961157436,
      -0.00909788566417233,
      -0.013560432000752014,
      -0.7303721141461067,
      -0.6526043220193577,
      -0.017186745851397033,
      -0.028419864343150653,
      -0.5980851201763572,
      -0.0035871724972553155,
      0.02841986434312467,
      0.02841986434312467,
      -0.01567436856091224,
      -0.060778062623740615,
      -0.22283778419826222,
      -0.1432059838508672,
      -0.1822401488898344,
      -0.1432059838508672,
      -0.0017058564696777127,
      0.314135315162555,
      -0.12030525651424473
    ],
    "count": 838029
  },
  "MQTT": {
    "mean": [
      1.8145871036953696,
      -0.3196011710048865,
      6.1963682028500005,
      -0.19690439706707188,
      0.2624509039944975,
      -0.3860314357661037,
      -0.12869653617634552,
      1.2105053623612192,
      2.850877667425824,
      -0.005585430731918071,
      -0.004908588344807428,
      0.164985400512285,
      -0.4362820171289721,
      -0.06089912769854988,
      -0.25826610442620385,
      0.10484937065473202,
      12.920322539669385,
      0.3684180396374278,
      -0.01357642296267153,
      -0.013539770961156834,
      -0.009097885664171995,
      -0.013560432000751684,
      1.0927165150683003,
      -0.6310058031218104,
      0.43229873599435537,
      0.6330799169793107,
      -0.5979881868571996,
      -0.0035871724972551962,
      -0.6330799169793209,
      -0.6330799169793209,
      -0.010407598512378281,
      6.4553030101995805,
      3.2004162226942934,
      5.99662488210711,
      2.476036798788811,
      5.99662488210711,
      0.02244219461750088,
      -3.1876060263773898,
      2.434410071551181
    ],