{
  "ack_count": 0.19253724215338983,
  "Rate": 0.18984703196695274,
  "Max": 0.07296944956750741,
  "Number": 0.07063687548611747,
  "ICMP": 0.04721859951793368,
  "DHCP": 0.042333650562852716,
  "IPv": 0.03690816000693369,
  "syn_count": 0.03689081479404495,
  "Time_To_Live": 0.03316247358482583,
  "syn_flag_number": 0.02480558002718386,
  "ack_flag_number": 0.024503926457177937,
  "Header_Length": 0.023023283283518776,
  "Min": 0.022273304826456283,
  "fin_count": 0.021178194537396007,
  "rst_count": 0.020328093327125256,
  "psh_flag_number": 0.017017028347245937,
  "rst_flag_number": 0.015932831181186293,
  "DNS": 0.014852798398212378,
  "LLC": 0.011797925428848331,
  "AVG": 0.01167565180096346,
  "Tot sum": 0.011665266034255592,
  "SMTP": 0.009718371644733036,
  "IAT": 0.007660820138263487,
  "HTTPS": 0.0067801981662453745,
  "Protocol Type": 0.005397967382341233,
  "TCP": 0.00518288311017455,
  "Tot size": 0.0048421001356293986,
  "ece_flag_number": 0.003441717399652464,
  "IGMP": 0.0032194809654078733,
  "IRC": 0.002926618240619835,
  "Std": 0.0022653941186278597,
  "Variance": 0.0016702072059817633,
  "UDP": 0.0013972578363975522,
  "fin_flag_number": 0.0013850219959990345,
  "ARP": 0.0012222704189062293,
  "SSH": 0.001024623526596551,
  "Telnet": 0.0002977514352774046,
  "HTTP": 9.134989017856254e-06,
  "cwr_flag_number": 0.0
}